;kpi;value
0;rmse_test_rf;0.31246041168302396
1;r2_test_fr;0.18409457175490962
2;rmse_test_lr;0.3415202974489297
3;r2_test_lr;0.02527330271603756
